{"complete_results": {"_type": "table-file", "sha256": "68a59492567eb3dc896dfe89f8bc8e806aef25d51ddf3a134d58452b29e2c847", "size": 147072, "artifact_path": "wandb-client-artifact://6xcjcfo2yb4oj3khhal8wgpjuy6wh3ttgock4boalyg6ohyt3lbyox5dwmh7iyezqiz832wqpg0sagnm9lr2zhvn2sr1n77f05qs730rxu3cbxqqmjta0e3k8fqzwizj/complete_results.table.json", "_latest_artifact_path": "wandb-client-artifact://out98sc2ykxve7v5jzye14pppnpawqe2febt7uz8sg56hrzwouxtaqm1dp8dr2852vuaw819daye5jj63u8zv5mqty9t00vka7u8olxu3bcqjqi2j9p4g0y3249s31oi:latest/complete_results.table.json", "path": "media/table/complete_results_0_68a59492567eb3dc896d.table.json", "ncols": 11, "nrows": 1000}, "_timestamp": 1724776680.566376, "_runtime": 5.9238059520721436, "_step": 4, "Accuracy": 0.244720449858364, "Tuned Accuracy": 0.4096362563004583, "Majority Voting Accuracy": 0.3093290598290598, "Majority Voting Tuned Accuracy": 0.5355641025641026, "_wandb": {"runtime": 7}}