{"complete_results": {"_type": "table-file", "sha256": "60c94f01895b5e8bb4fbd6ac83806ca2bb926e63816aadf217f19481b8bad721", "size": 147062, "artifact_path": "wandb-client-artifact://cxek2jk58avgrfkn176urhzhcjg32rj50y21kk3drkmk6yl1kph0f7qo2n4wldv99exc2t8oomfficcnpmepllm47xy252jiiulflgndbtupf6ojy5oketlwtyr0mgmx/complete_results.table.json", "_latest_artifact_path": "wandb-client-artifact://3cmmoo4c5fgw0nic43i9hz6y28qbqhhr883l9utph3h7npq1arax5ahprz9ez96bjyfdokjooacwnas1satfq0d8ug4hx0v4rf8jkp423ebi1qxjg5mm0e3pm08etdr2:latest/complete_results.table.json", "path": "media/table/complete_results_0_60c94f01895b5e8bb4fb.table.json", "ncols": 11, "nrows": 1000}, "_timestamp": 1724777780.6206028, "_runtime": 7.462023735046387, "_step": 4, "Accuracy": 0.280660855561634, "Tuned Accuracy": 0.48911724226870085, "Majority Voting Accuracy": 0.35774786324786323, "Majority Voting Tuned Accuracy": 0.6761538461538462, "_wandb": {"runtime": 7}}