{"complete_results": {"_type": "table-file", "sha256": "6455a9293654c5882102f4336b3c4933afd2f81372c6178ff760264032619913", "size": 147017, "artifact_path": "wandb-client-artifact://kusrh9uxp46680o06ur9w52yj1lfbgvz3glhdqhhkhrajq7atklso23um3jhm1nvtvqd21lvqtsnzspm3u1sxqq6vo28jgzxe7ualclmpeit78fiwx9vpi7ceuwfff1j/complete_results.table.json", "_latest_artifact_path": "wandb-client-artifact://47viq9y0hxyn3iil7ifla3jignh8pk7a8motmz4ypkn4uewmm93lhd3v4iauvqvyaob2ksbmusqxv8d79rrl1jcxpauj8u6dd8aqa908y073uvq0imy8mwmua0z23fs8:latest/complete_results.table.json", "path": "media/table/complete_results_0_6455a9293654c5882102.table.json", "ncols": 11, "nrows": 1000}, "_timestamp": 1724777608.4947577, "_runtime": 6.06057071685791, "_step": 4, "Accuracy": 0.20403670356606698, "Tuned Accuracy": 0.4402128065102007, "Majority Voting Accuracy": 0.2517307692307692, "Majority Voting Tuned Accuracy": 0.6030213675213675, "_wandb": {"runtime": 7}}