{"complete_results": {"_type": "table-file", "sha256": "464f60c42c648c69b0007a1bd9ef6565c1d09b6a26ef24f8aa8ab44283c9e6c4", "size": 147095, "artifact_path": "wandb-client-artifact://blxd8jaxcgqi410pqq56q9rcbju98ua2fjtat7ld5erxai8xwphgsbwmbq4tx05t1ahr2nlzc6fm0m0c5m7omjqkg8ve6jp69exrlswi24uwd82gmjwv4jof91o8u1og/complete_results.table.json", "_latest_artifact_path": "wandb-client-artifact://urrklo93ro705xtm0nkqm48oa52mwcoqiw5bsw824y8g6gniahebl4coywzl3uo8j0fz0e8kt8iv2mxth9sslibznfg4dfos8y1mtemdkf6yfru9653yqwkz5os5z404:latest/complete_results.table.json", "path": "media/table/complete_results_0_464f60c42c648c69b000.table.json", "ncols": 11, "nrows": 1000}, "_timestamp": 1724778577.5549467, "_runtime": 6.367164611816406, "_step": 4, "Accuracy": 0.24457502952789287, "Tuned Accuracy": 0.45012162805468575, "Majority Voting Accuracy": 0.3094487179487179, "Majority Voting Tuned Accuracy": 0.6179017094017095, "_wandb": {"runtime": 7}}