{"complete_results": {"_type": "table-file", "sha256": "78cb5c51cbba86bcc0c75aab584e208d610375b784168636dc29a080cc58a059", "size": 146979, "artifact_path": "wandb-client-artifact://6uwxgcc0jwoukjmgj17ipbb1aonkqhv4bddat1xjoeepb5hloyqv5zevq9cc7ws34c9q8n6l2on84bc0ghdesgrskzh00adyqox7ouj2xgbbuqbcgs351a6i0l0o73ua/complete_results.table.json", "_latest_artifact_path": "wandb-client-artifact://dcbb3ycauxe96fegcl6b6ki018uz3u92iz3wfwwsayatgw3bf2ht9p8a5cbb82jgm6qp7lzbsbrcjp3qprjydiwkprfcykbu28wn1qmoz6cwx09azil2hove9s9o0sdi:latest/complete_results.table.json", "path": "media/table/complete_results_0_78cb5c51cbba86bcc0c7.table.json", "ncols": 11, "nrows": 1000}, "_timestamp": 1724777852.2614255, "_runtime": 5.805858612060547, "_step": 4, "Accuracy": 0.25131553188441424, "Tuned Accuracy": 0.48576553032903685, "Majority Voting Accuracy": 0.30991025641025644, "Majority Voting Tuned Accuracy": 0.6708247863247863, "_wandb": {"runtime": 7}}