{"complete_results": {"_type": "table-file", "sha256": "464f60c42c648c69b0007a1bd9ef6565c1d09b6a26ef24f8aa8ab44283c9e6c4", "size": 147095, "artifact_path": "wandb-client-artifact://wws37fpdehscmlsgvtrjun3owmlv1d3598d6uigyh6dui3aukjw36sme7pfr7abfa84rtzb9w2umgwkg57jlni7bjif4o2has7p2pgh4sv01in8979mcbrijj9ulfsti/complete_results.table.json", "_latest_artifact_path": "wandb-client-artifact://3bqwo58qw52hdp6d2z7xkhkebayyi10ag6mydd3037ojiq1id6ey7rg8jbf37enzh3byq9dk2jfs1azocas7hh3p108stijcwqj6imwskozsecv3p0mrv3ut2ovco4z6:latest/complete_results.table.json", "path": "media/table/complete_results_0_464f60c42c648c69b000.table.json", "ncols": 11, "nrows": 1000}, "_timestamp": 1724777656.1136253, "_runtime": 6.231916189193726, "_step": 4, "Accuracy": 0.24457502952789287, "Tuned Accuracy": 0.45012162805468575, "Majority Voting Accuracy": 0.3094487179487179, "Majority Voting Tuned Accuracy": 0.6179017094017095, "_wandb": {"runtime": 7}}